{"cameraMode":{"drawMode":0,"name":"Shaded","section":"Shading Mode"},"sceneLighting":false,"audioPlay":false,"sceneViewState":{"showFog":true,"showMaterialUpdate":true,"showSkybox":true,"showFlares":true,"showImageEffects":true,"showParticleSystems":true},"in2DMode":false,"pivot":{"x":0.0,"y":0.9500000476837158,"z":-2.2100000381469728},"rotation":{"x":-0.5219395160675049,"y":-0.47720250487327578,"z":0.5198730230331421,"w":-0.4791546165943146},"size":5.7157673835754398,"orthographic":true}