{"cameraMode":{"drawMode":0,"name":"Shaded","section":"Shading Mode"},"sceneLighting":false,"audioPlay":false,"sceneViewState":{"showFog":false,"showMaterialUpdate":false,"showSkybox":false,"showFlares":false,"showImageEffects":false,"showParticleSystems":false},"in2DMode":false,"pivot":{"x":-94.6500015258789,"y":5.8319597244262699,"z":87.15050506591797},"rotation":{"x":0.1566210836172104,"y":-0.43097570538520815,"z":0.07623589783906937,"w":0.8853914141654968},"size":1061.7393798828125,"orthographic":false}