{"cameraMode":{"drawMode":0,"name":"Shaded","section":"Shading Mode"},"sceneLighting":false,"audioPlay":false,"sceneViewState":{"showFog":false,"showMaterialUpdate":false,"showSkybox":false,"showFlares":false,"showImageEffects":false,"showParticleSystems":false},"in2DMode":false,"pivot":{"x":1.7799999713897706,"y":0.0,"z":1.934999942779541},"rotation":{"x":0.22101113200187684,"y":0.04386824369430542,"z":-0.009953035973012448,"w":0.9742333889007568},"size":11.131141662597657,"orthographic":false}