{"cameraMode":{"drawMode":0,"name":"Shaded","section":"Shading Mode"},"sceneLighting":true,"audioPlay":false,"sceneViewState":{"showFog":false,"showMaterialUpdate":false,"showSkybox":false,"showFlares":false,"showImageEffects":false,"showParticleSystems":false},"in2DMode":false,"pivot":{"x":-1.4051427841186524,"y":-1.7059826850891114,"z":14.3930082321167},"rotation":{"x":-0.12575648725032807,"y":-0.03866288810968399,"z":0.004906177520751953,"w":-0.9912953972816467},"size":24.966657638549806,"orthographic":false}