{"cameraMode":{"drawMode":0,"name":"Shaded","section":"Shading Mode"},"sceneLighting":false,"audioPlay":false,"sceneViewState":{"showFog":false,"showMaterialUpdate":false,"showSkybox":false,"showFlares":false,"showImageEffects":false,"showParticleSystems":false},"in2DMode":false,"pivot":{"x":-105.70050048828125,"y":4.949999809265137,"z":63.733585357666019},"rotation":{"x":0.1566210836172104,"y":-0.43097570538520815,"z":0.07623589783906937,"w":0.8853914141654968},"size":466.1641845703125,"orthographic":false}