{"cameraMode":{"drawMode":0,"name":"Shaded","section":"Shading Mode"},"sceneLighting":false,"audioPlay":false,"sceneViewState":{"showFog":false,"showMaterialUpdate":false,"showSkybox":false,"showFlares":false,"showImageEffects":false,"showParticleSystems":false},"in2DMode":false,"pivot":{"x":-0.10944710671901703,"y":-0.3151121139526367,"z":0.14413979649543763},"rotation":{"x":-0.030309058725833894,"y":-0.9650617241859436,"z":0.12959404289722444,"w":-0.22570472955703736},"size":8.944893836975098,"orthographic":false}